Μήνας,Μεικτές αποδοχές (€),Ασφαλιστέες κύριας (€),Συντάξιμες (€),Πηγή/κατάσταση
2002-01,,,,Εκκρεμεί ασφαλιστέα βάση
2002-02,,,,Εκκρεμεί ασφαλιστέα βάση
2002-03,,,,Εκκρεμεί ασφαλιστέα βάση
2002-04,,,,Εκκρεμεί ασφαλιστέα βάση
2002-05,,,,Εκκρεμεί ασφαλιστέα βάση
2002-06,,,,Εκκρεμεί ασφαλιστέα βάση
2002-07,,,,Εκκρεμεί ασφαλιστέα βάση
2002-08,,,,Εκκρεμεί ασφαλιστέα βάση
2002-09,,,,Εκκρεμεί ασφαλιστέα βάση
2002-10,,,,Εκκρεμεί ασφαλιστέα βάση
2002-11,,,,Εκκρεμεί ασφαλιστέα βάση
2002-12,,,,Εκκρεμεί ασφαλιστέα βάση
2003-01,,,,Εκκρεμεί ασφαλιστέα βάση
2003-02,,,,Εκκρεμεί ασφαλιστέα βάση
2003-03,,,,Εκκρεμεί ασφαλιστέα βάση
2003-04,,,,Εκκρεμεί ασφαλιστέα βάση
2003-05,,,,Εκκρεμεί ασφαλιστέα βάση
2003-06,,,,Εκκρεμεί ασφαλιστέα βάση
2003-07,,,,Εκκρεμεί ασφαλιστέα βάση
2003-08,,,,Εκκρεμεί ασφαλιστέα βάση
2003-09,,,,Εκκρεμεί ασφαλιστέα βάση
2003-10,,,,Εκκρεμεί ασφαλιστέα βάση
2003-11,,,,Εκκρεμεί ασφαλιστέα βάση
2003-12,,,,Εκκρεμεί ασφαλιστέα βάση
2004-01,,,,Εκκρεμεί ασφαλιστέα βάση
2004-02,,,,Εκκρεμεί ασφαλιστέα βάση
2004-03,,,,Εκκρεμεί ασφαλιστέα βάση
2004-04,,,,Εκκρεμεί ασφαλιστέα βάση
2004-05,,,,Εκκρεμεί ασφαλιστέα βάση
2004-06,,,,Εκκρεμεί ασφαλιστέα βάση
2004-07,,,,Εκκρεμεί ασφαλιστέα βάση
2004-08,,,,Εκκρεμεί ασφαλιστέα βάση
2004-09,,,,Εκκρεμεί ασφαλιστέα βάση
2004-10,,,,Εκκρεμεί ασφαλιστέα βάση
2004-11,,,,Εκκρεμεί ασφαλιστέα βάση
2004-12,,,,Εκκρεμεί ασφαλιστέα βάση
2005-01,,,,Εκκρεμεί ασφαλιστέα βάση
2005-02,,,,Εκκρεμεί ασφαλιστέα βάση
2005-03,,,,Εκκρεμεί ασφαλιστέα βάση
2005-04,,,,Εκκρεμεί ασφαλιστέα βάση
2005-05,,,,Εκκρεμεί ασφαλιστέα βάση
2005-06,,,,Εκκρεμεί ασφαλιστέα βάση
2005-07,,,,Εκκρεμεί ασφαλιστέα βάση
2005-08,,,,Εκκρεμεί ασφαλιστέα βάση
2005-09,,,,Εκκρεμεί ασφαλιστέα βάση
2005-10,,,,Εκκρεμεί ασφαλιστέα βάση
2005-11,,,,Εκκρεμεί ασφαλιστέα βάση
2005-12,,,,Εκκρεμεί ασφαλιστέα βάση
2006-01,,,,Εκκρεμεί ασφαλιστέα βάση
2006-02,,,,Εκκρεμεί ασφαλιστέα βάση
2006-03,,,,Εκκρεμεί ασφαλιστέα βάση
2006-04,,,,Εκκρεμεί ασφαλιστέα βάση
2006-05,,,,Εκκρεμεί ασφαλιστέα βάση
2006-06,,,,Εκκρεμεί ασφαλιστέα βάση
2006-07,,,,Εκκρεμεί ασφαλιστέα βάση
2006-08,,,,Εκκρεμεί ασφαλιστέα βάση
2006-09,,,,Εκκρεμεί ασφαλιστέα βάση
2006-10,,,,Εκκρεμεί ασφαλιστέα βάση
2006-11,,,,Εκκρεμεί ασφαλιστέα βάση
2006-12,,,,Εκκρεμεί ασφαλιστέα βάση
2007-01,,,,Εκκρεμεί ασφαλιστέα βάση
2007-02,,,,Εκκρεμεί ασφαλιστέα βάση
2007-03,,,,Εκκρεμεί ασφαλιστέα βάση
2007-04,,,,Εκκρεμεί ασφαλιστέα βάση
2007-05,,,,Εκκρεμεί ασφαλιστέα βάση
2007-06,,,,Εκκρεμεί ασφαλιστέα βάση
2007-07,,,,Εκκρεμεί ασφαλιστέα βάση
2007-08,,,,Εκκρεμεί ασφαλιστέα βάση
2007-09,,,,Εκκρεμεί ασφαλιστέα βάση
2007-10,,,,Εκκρεμεί ασφαλιστέα βάση
2007-11,,,,Εκκρεμεί ασφαλιστέα βάση
2007-12,,,,Εκκρεμεί ασφαλιστέα βάση
2008-01,,,,Εκκρεμεί ασφαλιστέα βάση
2008-02,,,,Εκκρεμεί ασφαλιστέα βάση
2008-03,,,,Εκκρεμεί ασφαλιστέα βάση
2008-04,,,,Εκκρεμεί ασφαλιστέα βάση
2008-05,,,,Εκκρεμεί ασφαλιστέα βάση
2008-06,,,,Εκκρεμεί ασφαλιστέα βάση
2008-07,,,,Εκκρεμεί ασφαλιστέα βάση
2008-08,,,,Εκκρεμεί ασφαλιστέα βάση
2008-09,,,,Εκκρεμεί ασφαλιστέα βάση
2008-10,,,,Εκκρεμεί ασφαλιστέα βάση
2008-11,,,,Εκκρεμεί ασφαλιστέα βάση
2008-12,,,,Εκκρεμεί ασφαλιστέα βάση
2009-01,,,,Εκκρεμεί ασφαλιστέα βάση
2009-02,,,,Εκκρεμεί ασφαλιστέα βάση
2009-03,,,,Εκκρεμεί ασφαλιστέα βάση
2009-04,,,,Εκκρεμεί ασφαλιστέα βάση
2009-05,,,,Εκκρεμεί ασφαλιστέα βάση
2009-06,,,,Εκκρεμεί ασφαλιστέα βάση
2009-07,,,,Εκκρεμεί ασφαλιστέα βάση
2009-08,,,,Εκκρεμεί ασφαλιστέα βάση
2009-09,,,,Εκκρεμεί ασφαλιστέα βάση
2009-10,,,,Εκκρεμεί ασφαλιστέα βάση
2009-11,,,,Εκκρεμεί ασφαλιστέα βάση
2009-12,,,,Εκκρεμεί ασφαλιστέα βάση
2010-01,,,,Εκκρεμεί ασφαλιστέα βάση
2010-02,,,,Εκκρεμεί ασφαλιστέα βάση
2010-03,,,,Εκκρεμεί ασφαλιστέα βάση
2010-04,,,,Εκκρεμεί ασφαλιστέα βάση
2010-05,,,,Εκκρεμεί ασφαλιστέα βάση
2010-06,,,,Εκκρεμεί ασφαλιστέα βάση
2010-07,,,,Εκκρεμεί ασφαλιστέα βάση
2010-08,,,,Εκκρεμεί ασφαλιστέα βάση
2010-09,,,,Εκκρεμεί ασφαλιστέα βάση
2010-10,,,,Εκκρεμεί ασφαλιστέα βάση
2010-11,,,,Εκκρεμεί ασφαλιστέα βάση
2010-12,,,,Εκκρεμεί ασφαλιστέα βάση
2011-01,,,,Εκκρεμεί ασφαλιστέα βάση
2011-02,,,,Εκκρεμεί ασφαλιστέα βάση
2011-03,1372.4,,,"ΕΑΠ: μεικτές από εκκαθαριστικό, ΟΧΙ επιβεβαιωμένη ασφαλιστέα βάση"
2011-04,,,,Εκκρεμεί ασφαλιστέα βάση
2011-05,,,,Εκκρεμεί ασφαλιστέα βάση
2011-06,,,,Εκκρεμεί ασφαλιστέα βάση
2011-07,,,,Εκκρεμεί ασφαλιστέα βάση
2011-08,,,,Εκκρεμεί ασφαλιστέα βάση
2011-09,,,,Εκκρεμεί ασφαλιστέα βάση
2011-10,,,,Εκκρεμεί ασφαλιστέα βάση
2011-11,,,,Εκκρεμεί ασφαλιστέα βάση
2011-12,1308.4,,,"ΕΑΠ: μεικτές από εκκαθαριστικό, ΟΧΙ επιβεβαιωμένη ασφαλιστέα βάση"
2012-01,1322.26,,,"ΕΑΠ: μεικτές από εκκαθαριστικό, ΟΧΙ επιβεβαιωμένη ασφαλιστέα βάση"
2012-02,1322.26,,,"ΕΑΠ: μεικτές από εκκαθαριστικό, ΟΧΙ επιβεβαιωμένη ασφαλιστέα βάση"
2012-03,,,,Εκκρεμεί ασφαλιστέα βάση
2012-04,,,,Εκκρεμεί ασφαλιστέα βάση
2012-05,,,,Εκκρεμεί ασφαλιστέα βάση
2012-06,,,,Εκκρεμεί ασφαλιστέα βάση
2012-07,,,,Εκκρεμεί ασφαλιστέα βάση
2012-08,,,,Εκκρεμεί ασφαλιστέα βάση
2012-09,,,,Εκκρεμεί ασφαλιστέα βάση
2012-10,,,,Εκκρεμεί ασφαλιστέα βάση
2012-11,,,,Εκκρεμεί ασφαλιστέα βάση
2012-12,,,,Εκκρεμεί ασφαλιστέα βάση
2013-01,,,,Εκκρεμεί ασφαλιστέα βάση
2013-02,,,,Εκκρεμεί ασφαλιστέα βάση
2013-03,,,,Εκκρεμεί ασφαλιστέα βάση
2013-04,,,,Εκκρεμεί ασφαλιστέα βάση
2013-05,,,,Εκκρεμεί ασφαλιστέα βάση
2013-06,,,,Εκκρεμεί ασφαλιστέα βάση
2013-07,,,,Εκκρεμεί ασφαλιστέα βάση
2013-08,,,,Εκκρεμεί ασφαλιστέα βάση
2013-09,,,,Εκκρεμεί ασφαλιστέα βάση
2013-10,,,,Εκκρεμεί ασφαλιστέα βάση
2013-11,,,,Εκκρεμεί ασφαλιστέα βάση
2013-12,,,,Εκκρεμεί ασφαλιστέα βάση
2014-01,,,,Εκκρεμεί ασφαλιστέα βάση
2014-02,,,,Εκκρεμεί ασφαλιστέα βάση
2014-03,,,,Εκκρεμεί ασφαλιστέα βάση
2014-04,,,,Εκκρεμεί ασφαλιστέα βάση
2014-05,,,,Εκκρεμεί ασφαλιστέα βάση
2014-06,,,,Εκκρεμεί ασφαλιστέα βάση
2014-07,,,,Εκκρεμεί ασφαλιστέα βάση
2014-08,,,,Εκκρεμεί ασφαλιστέα βάση
2014-09,,,,Εκκρεμεί ασφαλιστέα βάση
2014-10,,,,Εκκρεμεί ασφαλιστέα βάση
2014-11,,,,Εκκρεμεί ασφαλιστέα βάση
2014-12,,,,Εκκρεμεί ασφαλιστέα βάση
2015-01,,,,Εκκρεμεί ασφαλιστέα βάση
2015-02,,,,Εκκρεμεί ασφαλιστέα βάση
2015-03,,,,Εκκρεμεί ασφαλιστέα βάση
2015-04,,,,Εκκρεμεί ασφαλιστέα βάση
2015-05,,,,Εκκρεμεί ασφαλιστέα βάση
2015-06,,,,Εκκρεμεί ασφαλιστέα βάση
2015-07,,,,Εκκρεμεί ασφαλιστέα βάση
2015-08,,,,Εκκρεμεί ασφαλιστέα βάση
2015-09,,,,Εκκρεμεί ασφαλιστέα βάση
2015-10,,,,Εκκρεμεί ασφαλιστέα βάση
2015-11,,,,Εκκρεμεί ασφαλιστέα βάση
2015-12,,,,Εκκρεμεί ασφαλιστέα βάση
2016-01,,,,Εκκρεμεί ασφαλιστέα βάση
2016-02,,,,Εκκρεμεί ασφαλιστέα βάση
2016-03,,,,Εκκρεμεί ασφαλιστέα βάση
2016-04,,,,Εκκρεμεί ασφαλιστέα βάση
2016-05,,,,Εκκρεμεί ασφαλιστέα βάση
2016-06,,,,Εκκρεμεί ασφαλιστέα βάση
2016-07,,,,Εκκρεμεί ασφαλιστέα βάση
2016-08,,,,Εκκρεμεί ασφαλιστέα βάση
2016-09,,,,Εκκρεμεί ασφαλιστέα βάση
2016-10,,,,Εκκρεμεί ασφαλιστέα βάση
2016-11,,,,Εκκρεμεί ασφαλιστέα βάση
2016-12,,,,Εκκρεμεί ασφαλιστέα βάση
2017-01,,,,Εκκρεμεί ασφαλιστέα βάση
2017-02,,,,Εκκρεμεί ασφαλιστέα βάση
2017-03,,,,Εκκρεμεί ασφαλιστέα βάση
2017-04,,,,Εκκρεμεί ασφαλιστέα βάση
2017-05,,,,Εκκρεμεί ασφαλιστέα βάση
2017-06,,,,Εκκρεμεί ασφαλιστέα βάση
2017-07,,,,Εκκρεμεί ασφαλιστέα βάση
2017-08,,,,Εκκρεμεί ασφαλιστέα βάση
2017-09,,,,Εκκρεμεί ασφαλιστέα βάση
2017-10,,,,Εκκρεμεί ασφαλιστέα βάση
2017-11,,,,Εκκρεμεί ασφαλιστέα βάση
2017-12,,,,Εκκρεμεί ασφαλιστέα βάση
2018-01,,,,Εκκρεμεί ασφαλιστέα βάση
2018-02,,,,Εκκρεμεί ασφαλιστέα βάση
2018-03,,,,Εκκρεμεί ασφαλιστέα βάση
2018-04,,,,Εκκρεμεί ασφαλιστέα βάση
2018-05,,,,Εκκρεμεί ασφαλιστέα βάση
2018-06,,,,Εκκρεμεί ασφαλιστέα βάση
2018-07,,,,Εκκρεμεί ασφαλιστέα βάση
2018-08,,,,Εκκρεμεί ασφαλιστέα βάση
2018-09,,,,Εκκρεμεί ασφαλιστέα βάση
2018-10,,,,Εκκρεμεί ασφαλιστέα βάση
2018-11,,,,Εκκρεμεί ασφαλιστέα βάση
2018-12,,,,Εκκρεμεί ασφαλιστέα βάση
2019-01,,,,Εκκρεμεί ασφαλιστέα βάση
2019-02,,,,Εκκρεμεί ασφαλιστέα βάση
2019-03,,,,Εκκρεμεί ασφαλιστέα βάση
2019-04,,,,Εκκρεμεί ασφαλιστέα βάση
2019-05,,,,Εκκρεμεί ασφαλιστέα βάση
2019-06,,,,Εκκρεμεί ασφαλιστέα βάση
2019-07,,,,Εκκρεμεί ασφαλιστέα βάση
2019-08,,,,Εκκρεμεί ασφαλιστέα βάση
2019-09,,,,Εκκρεμεί ασφαλιστέα βάση
2019-10,,,,Εκκρεμεί ασφαλιστέα βάση
2019-11,,,,Εκκρεμεί ασφαλιστέα βάση
2019-12,,,,Εκκρεμεί ασφαλιστέα βάση
