μήνας,μεικτά_ευρώ,συνολική_αναφερόμενη_κράτηση_ευρώ,ελεγμένη_επιμέρους_κράτηση_6_67_ευρώ,βάση_εισφοράς_από_6_67_ευρώ,χαρακτηρισμός,εκκρεμότητα
2012-01,1322.26,96.66,,,δεν έχει προσδιοριστεί ασφαλής βάση,διάκριση εισφορών και νομική βάση προ-2017
2012-12,1410.17,96.66,,,δεν έχει προσδιοριστεί ασφαλής βάση,διάκριση εισφορών και νομική βάση προ-2017
2013-01,1596.43,96.66,,,δεν έχει προσδιοριστεί ασφαλής βάση,διάκριση εισφορών και νομική βάση προ-2017
2013-12,1494.26,96.66,,,δεν έχει προσδιοριστεί ασφαλής βάση,διάκριση εισφορών και νομική βάση προ-2017
2014-01,1494.26,96.66,,,δεν έχει προσδιοριστεί ασφαλής βάση,διάκριση εισφορών και νομική βάση προ-2017
2014-12,1494.26,96.66,,,δεν έχει προσδιοριστεί ασφαλής βάση,διάκριση εισφορών και νομική βάση προ-2017
2015-01,1494.26,96.66,,,δεν έχει προσδιοριστεί ασφαλής βάση,διάκριση εισφορών και νομική βάση προ-2017
2015-12,1516.26,96.66,,,δεν έχει προσδιοριστεί ασφαλής βάση,διάκριση εισφορών και νομική βάση προ-2017
2016-01,1516.26,96.66,,,δεν έχει προσδιοριστεί ασφαλής βάση,διάκριση εισφορών και νομική βάση προ-2017
2016-12,1523.26,96.66,,,δεν έχει προσδιοριστεί ασφαλής βάση,διάκριση εισφορών και νομική βάση προ-2017
2017-01,1530.26,111.46,,,δεν έχει προσδιοριστεί ασφαλής βάση,διάκριση εισφορών και νομική βάση προ-2017
2017-12,1530.26,89.64,89.64,1344,"αριθμητικά συμβατή, όχι πιστοποιημένη",επιβεβαίωση διορθωτικών και συνταξιμότητας προσωπικής διαφοράς
2018-01,1537.26,90.11,90.11,1351,"αριθμητικά συμβατή, όχι πιστοποιημένη",επιβεβαίωση διορθωτικών και συνταξιμότητας προσωπικής διαφοράς
2018-12,1537.26,90.11,90.11,1351,"αριθμητικά συμβατή, όχι πιστοποιημένη",επιβεβαίωση διορθωτικών και συνταξιμότητας προσωπικής διαφοράς
2019-01,1544.26,90.58,90.58,1358,"αριθμητικά συμβατή, όχι πιστοποιημένη",επιβεβαίωση διορθωτικών και συνταξιμότητας προσωπικής διαφοράς
2019-12,1544.26,90.58,90.58,1358,"αριθμητικά συμβατή, όχι πιστοποιημένη",επιβεβαίωση διορθωτικών και συνταξιμότητας προσωπικής διαφοράς
